produktnamn,ean,pris,leverantor
Taylormade Qi10 Driver 10.5 RH REG,0196523145892,6499,TaylorMade
Taylormade Qi10 Driver 10.5 LH REG,0196523145893,6499,TaylorMade
Taylormade Qi10 Driver 9 RH STF,0196523145894,6499,TaylorMade
Taylormade Qi10 Max Driver 10.5 RH REG,0196523145895,6999,TaylorMade
Taylormade Qi10 Max Driver 9 RH Stiff,0196523145896,6999,TaylorMade
Taylormade Qi4D Driver 10.5 RH Regular,0196523145897,7499,TaylorMade
Taylormade Qi4D Driver 10.5 LH Regular,0196523145898,7499,TaylorMade
Taylormade Qi4D Driver 9 RH Stiff,0196523145899,7499,TaylorMade
Cobra Darkspeed X Driver 9.5 RH Stiff,0885609023451,5999,Cobra
Cobra Darkspeed X Driver 10.5 RH Regular,0885609023452,5999,Cobra
Cobra Darkspeed X Driver 10.5 LH Regular,0885609023453,5999,Cobra
Cobra Darkspeed Max Driver 10.5 RH Regular,0885609023454,5999,Cobra
Cobra Darkspeed Max Driver 12 RH Senior,0885609023455,5999,Cobra
Galvin Green Andy Polo White S,7340132501234,1299,Galvin Green
Galvin Green Andy Polo White M,7340132501235,1299,Galvin Green
Galvin Green Andy Polo White L,7340132501236,1299,Galvin Green
Galvin Green Andy Polo White XL,7340132501237,1299,Galvin Green
Galvin Green Andy Polo Navy S,7340132501238,1299,Galvin Green
Galvin Green Andy Polo Navy M,7340132501239,1299,Galvin Green
Galvin Green Andy Polo Navy L,7340132501240,1299,Galvin Green
Galvin Green Andy Polo Navy XL,7340132501241,1299,Galvin Green
Galvin Green Percy Jacket Black M,7340132501300,3999,Galvin Green
Galvin Green Percy Jacket Black L,7340132501301,3999,Galvin Green
Galvin Green Percy Jacket Black XL,7340132501302,3999,Galvin Green
FootJoy ProFLX Glove ML LH,0716276012345,349,FootJoy
FootJoy ProFLX Glove L LH,0716276012346,349,FootJoy
FootJoy ProFLX Glove XL LH,0716276012347,349,FootJoy
